City,Cost_of_Living_Index,Rent_Index,Cost_of_Living_Plus_Rent_Index,Groceries_Index,Restaurant_Price_Index,Local_Purchasing_Power_Index,Country,Continent,City_Without_Country
"Hamilton, Bermuda",145.43,110.87,128.76,143.47,158.75,112.26,Bermuda,North America,Hamilton
"Zurich, Switzerland",141.25,66.14,105.03,149.86,135.76,142.7,Switzerland,Europe,Zurich
"Geneva, Switzerland",134.83,71.7,104.38,138.98,129.74,130.96,Switzerland,Europe,Geneva
"Basel, Switzerland",130.68,49.68,91.61,127.54,127.22,139.01,Switzerland,Europe,Basel
"Bern, Switzerland",128.03,43.57,87.3,132.7,119.48,112.71,Switzerland,Europe,Bern
"Lausanne, Switzerland",127.5,52.32,91.24,126.59,132.12,127.95,Switzerland,Europe,Lausanne
"Lugano, Switzerland",118.24,52.91,86.73,117.74,122.3,119.86,Switzerland,Europe,Lugano
"Reykjavik, Iceland",123.78,57.25,91.7,118.15,133.19,88.95,Iceland,Europe,Reykjavik
"Singapore, Singapore",91.4,71.89,81.99,83.64,64.4,95.89,Singapore,Asia,Singapore
"Stavanger, Norway",118.61,39.83,80.61,106.09,143.54,118.14,Norway,Europe,Stavanger
"Oslo, Norway",117.23,49.28,84.46,112.42,124.09,102.94,Norway,Europe,Oslo
"Trondheim, Norway",114.22,42.39,79.58,103.5,134.76,108.29,Norway,Europe,Trondheim
"Bergen, Norway",112.31,40.3,77.58,101.79,119.61,99.29,Norway,Europe,Bergen
"Hong Kong, Hong Kong",78.72,79.54,79.12,83.47,56.17,82.86,Hong Kong,Asia,Hong Kong
"Luxembourg, Luxembourg",95.37,61.59,79.08,82.71,109.61,127.42,Luxembourg,Europe,Luxembourg
"Nassau, Bahamas",99.73,40.45,71.14,85.34,104.17,58.69,Bahamas,North America,Nassau
"Copenhagen, Denmark",97.62,50.66,74.97,77.53,121.23,113.31,Denmark,Europe,Copenhagen
"Arhus, Denmark",91.9,34.82,64.37,71.5,102.82,109.47,Denmark,Europe,Arhus
"Aalborg, Denmark",91.17,26.81,60.13,73.79,101.14,106.35,Denmark,Europe,Aalborg
"Doha, Qatar",66.12,66.84,66.46,57.95,65.81,120.86,Qatar,Asia,Doha
"Limerick, Ireland",92.73,27.71,61.37,87.15,82.93,93.93,Ireland,Europe,Limerick
"Dublin, Ireland",89.92,62.13,76.52,73.62,95.64,88.11,Ireland,Europe,Dublin
"Cork, Ireland",82.89,39.97,62.19,67.32,91.87,105.57,Ireland,Europe,Cork
"Galway, Ireland",80.22,34.58,58.21,70.9,81.75,100.11,Ireland,Europe,Galway
"Sydney, Australia",90.77,68.43,80.0,85.02,77.09,118.81,Australia,Oceania,Sydney
"Perth, Australia",86.24,40.5,64.18,80.79,90.63,130.38,Australia,Oceania,Perth
"Adelaide, Australia",86.02,36.56,62.17,82.05,81.67,113.86,Australia,Oceania,Adelaide
"Melbourne, Australia",85.15,44.81,65.7,82.11,77.29,127.15,Australia,Oceania,Melbourne
"Darwin, Australia",84.98,46.52,66.43,82.29,91.79,118.09,Australia,Oceania,Darwin
"Cairns, Australia",84.98,30.59,58.75,84.5,74.96,118.05,Australia,Oceania,Cairns
"Hobart, Australia",82.88,31.46,58.08,81.1,88.26,99.4,Australia,Oceania,Hobart
"Brisbane, Australia",82.17,43.31,63.43,75.42,81.39,130.41,Australia,Oceania,Brisbane
"Canberra, Australia",80.9,45.03,63.6,77.06,79.23,139.38,Australia,Oceania,Canberra
"Newcastle, Australia",77.12,43.45,60.88,76.5,84.01,134.62,Australia,Oceania,Newcastle
"Gold Coast, Australia",74.89,38.76,57.46,74.88,72.35,124.98,Australia,Oceania,Gold Coast
"Seoul, South Korea",87.56,37.17,63.26,107.06,50.88,107.52,South Korea,Asia,Seoul
"Tel Aviv-Yafo, Israel",90.36,51.55,71.65,76.9,97.21,101.36,Israel,Asia,Tel Aviv-Yafo
"Jerusalem, Israel",89.62,38.43,64.93,74.2,96.35,84.17,Israel,Asia,Jerusalem
"Ramat Gan, Israel",82.84,36.93,60.7,67.32,89.36,112.25,Israel,Asia,Ramat Gan
"Haifa, Israel",81.81,20.68,52.33,66.6,91.38,120.61,Israel,Asia,Haifa
"Amsterdam, Netherlands",89.14,58.22,74.23,70.13,95.2,101.7,Netherlands,Europe,Amsterdam
"The Hague (Den Haag), Netherlands",84.97,35.55,61.14,70.25,89.11,106.25,Netherlands,Europe,The Hague (Den Haag)
"Utrecht, Netherlands",83.34,40.23,62.55,68.39,97.89,105.9,Netherlands,Europe,Utrecht
"Rotterdam, Netherlands",82.64,35.28,59.8,63.02,94.81,102.03,Netherlands,Europe,Rotterdam
"Maastricht, Netherlands",80.69,33.35,57.86,70.13,81.68,105.35,Netherlands,Europe,Maastricht
"Eindhoven, Netherlands",78.72,35.2,57.73,63.05,88.51,119.87,Netherlands,Europe,Eindhoven
"Groningen, Netherlands",76.64,30.91,54.59,66.99,87.82,105.46,Netherlands,Europe,Groningen
"Hamilton, New Zealand",88.09,26.98,58.62,81.69,84.97,128.21,New Zealand,Oceania,Hamilton
"Auckland, New Zealand",86.93,46.95,67.65,79.21,72.26,99.37,New Zealand,Oceania,Auckland
"Wellington, New Zealand",80.87,40.42,61.36,77.17,72.02,118.59,New Zealand,Oceania,Wellington
"Christchurch, New Zealand",80.51,30.13,56.21,75.7,78.95,90.4,New Zealand,Oceania,Christchurch
"Kyoto, Japan",100.33,24.58,63.8,118.44,54.59,77.92,Japan,Asia,Kyoto
"Tokyo, Japan",93.81,37.07,66.45,99.67,58.93,106.42,Japan,Asia,Tokyo
"Osaka, Japan",78.5,23.88,52.16,79.2,45.06,109.62,Japan,Asia,Osaka
"Dubai, United Arab Emirates",72.58,66.88,69.83,61.71,67.23,123.71,United Arab Emirates,Asia,Dubai
"Abu Dhabi, United Arab Emirates",64.97,64.25,64.62,54.3,65.93,131.24,United Arab Emirates,Asia,Abu Dhabi
"Sharjah, United Arab Emirates",59.38,29.86,45.15,50.37,43.99,123.32,United Arab Emirates,Asia,Sharjah
"Helsinki, Finland",87.77,40.52,64.98,73.82,96.5,113.87,Finland,Europe,Helsinki
"Tampere, Finland",87.2,28.89,59.08,73.89,96.76,111.28,Finland,Europe,Tampere
"Turku, Finland",82.18,25.55,54.87,69.79,88.89,125.14,Finland,Europe,Turku
"Antwerp, Belgium",88.2,28.06,59.19,79.12,101.67,90.18,Belgium,Europe,Antwerp
"Leuven, Belgium",85.31,29.48,58.38,79.81,86.88,92.44,Belgium,Europe,Leuven
"Gent, Belgium",85.16,26.92,57.07,72.2,94.01,96.27,Belgium,Europe,Gent
"Brussels, Belgium",83.65,35.76,60.55,72.55,96.1,104.35,Belgium,Europe,Brussels
"New York, NY, United States",100.0,100.0,100.0,100.0,100.0,100.0,United States,North America,New York
"San Francisco, CA, United States",97.84,115.36,106.29,107.52,91.06,92.96,United States,North America,San Francisco
"Anchorage, AK, United States",94.99,40.12,68.53,101.18,84.55,124.92,United States,North America,Anchorage
"Honolulu, HI, United States",94.15,62.82,79.04,104.69,82.86,103.08,United States,North America,Honolulu
"Brooklyn, NY, United States",93.79,76.24,85.33,92.73,100.58,87.04,United States,North America,Brooklyn
"Rockville, MD, United States",92.66,64.0,78.84,87.76,74.74,130.79,United States,North America,Rockville
"Bloomington, IN, United States",92.14,33.64,63.93,112.83,75.43,96.92,United States,North America,Bloomington
"Washington, DC, United States",91.94,73.3,82.95,92.74,85.0,120.62,United States,North America,Washington
"Santa Rosa, CA, United States",90.23,58.13,74.75,92.05,78.34,106.77,United States,North America,Santa Rosa
"Arlington, VA, United States",89.2,61.85,76.01,88.51,82.63,120.53,United States,North America,Arlington
"Bellevue, WA, United States",88.85,66.67,78.15,88.43,80.99,73.46,United States,North America,Bellevue
"Seattle, WA, United States",88.04,64.41,76.64,89.85,83.22,144.6,United States,North America,Seattle
"Berkeley, CA, United States",87.82,78.69,83.42,97.88,78.29,115.84,United States,North America,Berkeley
"Boston, MA, United States",87.05,78.72,83.03,88.99,86.2,101.35,United States,North America,Boston
"Charleston, SC, United States",86.19,45.99,66.8,98.41,71.87,115.41,United States,North America,Charleston
"Miami, FL, United States",86.01,63.2,75.01,87.37,95.81,97.81,United States,North America,Miami
"Oakland, CA, United States",85.11,79.57,82.44,88.65,81.38,97.94,United States,North America,Oakland
"New Haven, CT, United States",84.13,47.53,66.48,92.86,86.18,127.41,United States,North America,New Haven
"Irvine, CA, United States",83.73,66.26,75.3,89.49,76.5,139.48,United States,North America,Irvine
"Philadelphia, PA, United States",83.46,48.09,66.4,82.24,79.37,116.06,United States,North America,Philadelphia
"San Jose, CA, United States",82.87,81.81,82.36,85.4,83.12,134.82,United States,North America,San Jose
"Tacoma, WA, United States",82.54,36.82,60.49,88.02,72.46,125.1,United States,North America,Tacoma
"Los Angeles, CA, United States",82.3,68.75,75.77,82.73,82.48,109.01,United States,North America,Los Angeles
"Boulder, CO, United States",82.19,53.8,68.5,86.22,74.92,143.02,United States,North America,Boulder
"Portland, ME, United States",81.6,40.73,61.89,86.96,88.58,113.69,United States,North America,Portland
"Minneapolis, MN, United States",81.46,45.65,64.19,87.48,75.88,131.08,United States,North America,Minneapolis
"Norfolk, VA, United States",81.36,43.59,63.14,90.06,81.31,64.42,United States,North America,Norfolk
"Hartford, CT, United States",80.86,42.15,62.19,78.41,86.26,101.57,United States,North America,Hartford
"Queens, NY, United States",80.77,64.73,73.04,74.39,87.27,113.4,United States,North America,Queens
"Albany, NY, United States",80.19,30.82,56.38,83.35,71.86,139.34,United States,North America,Albany
"Chicago, IL, United States",80.16,56.71,68.85,79.14,77.99,119.17,United States,North America,Chicago
"Jersey City, NJ, United States",79.91,66.0,73.2,79.5,85.95,130.99,United States,North America,Jersey City
"Olympia, WA, United States",79.25,36.06,58.42,77.18,78.7,125.04,United States,North America,Olympia
"Santa Barbara, CA, United States",79.17,71.45,75.45,76.47,87.43,134.38,United States,North America,Santa Barbara
"Eugene, OR, United States",78.94,31.38,56.0,91.86,69.07,109.06,United States,North America,Eugene
"Burlington, VT, United States",78.89,41.89,61.05,82.04,79.41,101.19,United States,North America,Burlington
"Sacramento, CA, United States",78.75,43.34,61.67,80.02,74.2,135.14,United States,North America,Sacramento
"Pittsburgh, PA, United States",78.66,39.02,59.54,76.56,70.89,133.38,United States,North America,Pittsburgh
"Portland, OR, United States",78.45,51.72,65.56,79.56,68.4,125.57,United States,North America,Portland
"Saint Paul, MN, United States",78.37,40.38,60.05,81.15,74.68,97.64,United States,North America,Saint Paul
"Long Beach, CA, United States",78.23,54.98,67.01,82.77,76.98,127.25,United States,North America,Long Beach
"Fort Lauderdale, FL, United States",77.67,51.63,65.11,79.05,77.85,104.35,United States,North America,Fort Lauderdale
"Everett, WA, United States",77.63,42.48,60.68,84.84,70.29,113.75,United States,North America,Everett
"Asheville, NC, United States",77.36,37.85,58.31,84.94,72.18,111.73,United States,North America,Asheville
"Denver, CO, United States",77.31,54.0,66.07,77.48,79.43,130.1,United States,North America,Denver
"Bellingham, WA, United States",77.13,34.7,56.67,79.09,77.88,131.14,United States,North America,Bellingham
"Melbourne, FL, United States",77.09,29.38,54.08,85.53,77.04,128.34,United States,North America,Melbourne
"San Diego, CA, United States",77.01,61.91,69.73,75.09,82.09,142.72,United States,North America,San Diego
"New Orleans, LA, United States",76.64,40.21,59.07,75.15,84.0,116.56,United States,North America,New Orleans
"Orlando, FL, United States",76.63,37.35,57.68,82.77,69.38,129.02,United States,North America,Orlando
"Baltimore, MD, United States",76.57,45.03,61.36,73.92,80.16,116.79,United States,North America,Baltimore
"Tampa, FL, United States",76.53,42.09,59.92,80.64,80.21,144.43,United States,North America,Tampa
"West Palm Beach, FL, United States",76.52,43.11,60.41,79.59,78.92,124.36,United States,North America,West Palm Beach
"Colorado Springs, CO, United States",75.42,31.21,54.1,72.93,76.48,150.89,United States,North America,Colorado Springs
"Charlotte, NC, United States",75.35,40.62,58.6,79.4,73.87,112.72,United States,North America,Charlotte
"Plano, TX, United States",75.32,40.02,58.3,73.93,63.49,101.69,United States,North America,Plano
"Atlanta, GA, United States",74.97,45.83,60.92,75.0,74.81,153.77,United States,North America,Atlanta
"Fayetteville, AR, United States",74.9,24.85,50.76,81.39,69.15,104.92,United States,North America,Fayetteville
"Indianapolis, IN, United States",74.72,35.67,55.89,73.92,74.26,94.22,United States,North America,Indianapolis
"Birmingham, AL, United States",74.64,31.36,53.77,76.12,74.13,134.55,United States,North America,Birmingham
"Augusta, GA, United States",74.29,22.45,49.29,82.42,62.66,100.38,United States,North America,Augusta
"Greensboro, NC, United States",74.1,26.05,50.93,80.28,62.04,141.87,United States,North America,Greensboro
"Greenville, SC, United States",74.08,36.03,55.73,83.74,67.18,127.49,United States,North America,Greenville
"Jacksonville, FL, United States",73.58,32.27,53.66,77.14,73.25,117.13,United States,North America,Jacksonville
"Fort Collins, CO, United States",73.57,42.07,58.38,81.45,61.31,73.23,United States,North America,Fort Collins
"Cleveland, OH, United States",73.47,28.35,51.71,67.52,74.7,146.27,United States,North America,Cleveland
"Milwaukee, WI, United States",73.37,35.5,55.11,71.9,71.59,139.23,United States,North America,Milwaukee
"Saint Petersburg, FL, United States",73.29,41.01,57.72,72.82,75.33,145.31,United States,North America,Saint Petersburg
"Memphis, TN, United States",72.95,27.52,51.04,73.96,70.71,154.91,United States,North America,Memphis
"Syracuse, NY, United States",72.88,30.77,52.57,72.26,67.76,103.63,United States,North America,Syracuse
"Newark, NJ, United States",72.68,40.31,57.07,66.47,77.87,94.1,United States,North America,Newark
"Akron, OH, United States",72.65,21.57,48.02,77.33,63.79,99.21,United States,North America,Akron
"Austin, TX, United States",72.46,49.8,61.53,73.02,75.56,140.39,United States,North America,Austin
"Fresno, CA, United States",72.36,30.94,52.38,72.51,75.89,110.71,United States,North America,Fresno
"Buffalo, NY, United States",72.15,28.94,51.31,69.14,72.72,120.23,United States,North America,Buffalo
"Shreveport, LA, United States",72.07,25.24,49.48,78.42,64.04,76.03,United States,North America,Shreveport
"Nashville, TN, United States",71.88,47.73,60.23,74.28,69.38,125.4,United States,North America,Nashville
"Manchester, NH, United States",71.46,33.61,53.2,76.26,72.86,124.75,United States,North America,Manchester
"Raleigh, NC, United States",71.4,37.42,55.02,78.32,70.58,131.99,United States,North America,Raleigh
"Little Rock, AR, United States",71.29,24.83,48.89,77.24,64.98,132.31,United States,North America,Little Rock
"Richmond, VA, United States",70.98,36.18,54.2,77.66,65.74,133.08,United States,North America,Richmond
"Las Vegas, NV, United States",70.97,29.98,51.2,66.54,74.53,148.81,United States,North America,Las Vegas
"Saint Louis, MO, United States",70.76,30.11,51.15,71.33,68.14,144.7,United States,North America,Saint Louis
"Grand Rapids, MI, United States",70.58,32.95,52.43,69.69,70.77,143.87,United States,North America,Grand Rapids
"Rochester, NY, United States",70.52,30.31,51.13,72.96,74.66,158.71,United States,North America,Rochester
"Houston, TX, United States",70.37,44.1,57.7,71.01,71.15,145.38,United States,North America,Houston
"Detroit, MI, United States",70.2,35.48,53.45,67.02,59.3,131.62,United States,North America,Detroit
"Ann Arbor, MI, United States",70.01,45.26,58.07,69.31,62.97,163.57,United States,North America,Ann Arbor
"Harrisburg, PA, United States",69.91,27.78,49.59,72.58,66.41,140.56,United States,North America,Harrisburg
"Salem, OR, United States",69.81,32.0,51.58,70.61,68.39,106.58,United States,North America,Salem
"Dayton, OH, United States",69.76,21.96,46.71,73.53,62.38,114.2,United States,North America,Dayton
"Columbia, SC, United States",69.7,29.48,50.3,75.37,65.65,92.47,United States,North America,Columbia
"Fort Wayne, IN, United States",69.42,21.43,46.28,74.49,69.24,129.87,United States,North America,Fort Wayne
"Des Moines, IA, United States",69.37,31.23,50.97,73.45,63.64,125.85,United States,North America,Des Moines
"Virginia Beach, VA, United States",69.33,37.42,53.94,68.92,71.08,151.73,United States,North America,Virginia Beach
"Spokane, WA, United States",69.26,26.97,48.86,70.06,64.46,135.55,United States,North America,Spokane
"Bakersfield, CA, United States",69.2,29.09,49.86,71.91,64.38,120.54,United States,North America,Bakersfield
"Columbus, OH, United States",69.13,35.51,52.92,66.96,62.16,125.47,United States,North America,Columbus
"Cincinnati, OH, United States",69.13,31.11,50.79,61.6,70.4,136.92,United States,North America,Cincinnati
"Kansas City, MO, United States",69.05,29.33,49.89,68.17,63.04,135.76,United States,North America,Kansas City
"Lincoln, NE, United States",68.61,28.38,49.21,71.56,62.02,124.13,United States,North America,Lincoln
"Fort Myers, FL, United States",68.06,31.9,50.62,71.88,62.43,86.87,United States,North America,Fort Myers
"Lexington, KY, United States",67.9,25.51,47.45,69.03,62.48,130.77,United States,North America,Lexington
"Fort Worth, TX, United States",67.81,35.29,52.12,66.57,65.5,142.22,United States,North America,Fort Worth
"Omaha, NE, United States",67.8,30.43,49.78,69.41,62.64,134.51,United States,North America,Omaha
"Vancouver, WA, United States",67.79,34.12,51.55,61.12,67.28,127.95,United States,North America,Vancouver
"Wichita, KS, United States",67.02,24.63,46.58,67.02,68.1,118.39,United States,North America,Wichita
"Lubbock, TX, United States",66.9,24.63,46.52,61.64,68.94,133.25,United States,North America,Lubbock
"Chattanooga, TN, United States",66.89,27.77,48.02,67.8,62.68,145.27,United States,North America,Chattanooga
"Phoenix, AZ, United States",66.87,33.32,50.69,62.4,71.42,139.29,United States,North America,Phoenix
"Sioux Falls, SD, United States",66.85,25.7,47.0,69.13,56.18,168.93,United States,North America,Sioux Falls
"Salt Lake City, UT, United States",66.76,34.91,51.4,64.48,68.75,148.6,United States,North America,Salt Lake City
"Tulsa, OK, United States",66.71,28.61,48.34,67.6,62.03,123.2,United States,North America,Tulsa
"Durham, NC, United States",66.44,35.54,51.54,64.75,67.79,146.95,United States,North America,Durham
"Springfield, MO, United States",66.4,18.79,43.44,73.6,63.28,77.68,United States,North America,Springfield
"Winston-salem, NC, United States",66.27,24.96,46.34,71.92,69.63,117.44,United States,North America,Winston-salem
"Dallas, TX, United States",65.94,42.64,54.7,61.95,67.11,162.37,United States,North America,Dallas
"Albuquerque, NM, United States",65.73,25.5,46.33,68.04,64.58,123.57,United States,North America,Albuquerque
"Arlington, TX, United States",65.63,30.04,48.47,62.02,63.87,152.9,United States,North America,Arlington
"Madison, WI, United States",65.6,36.95,51.78,62.5,66.34,144.83,United States,North America,Madison
"Mobile, AL, United States",65.31,24.63,45.69,67.4,64.09,122.2,United States,North America,Mobile
"Louisville, KY, United States",65.14,28.33,47.39,65.76,65.91,127.21,United States,North America,Louisville
"Pensacola, FL, United States",64.88,28.72,47.44,62.12,64.75,128.73,United States,North America,Pensacola
"Oklahoma City, OK, United States",64.29,26.54,46.09,66.52,58.15,142.4,United States,North America,Oklahoma City
"Huntsville, AL, United States",63.34,27.45,46.03,64.13,63.83,152.26,United States,North America,Huntsville
"Tucson, AZ, United States",63.0,23.8,44.1,61.12,63.64,138.07,United States,North America,Tucson
"Reno, NV, United States",62.88,35.99,49.92,58.04,64.1,136.4,United States,North America,Reno
"Boise, ID, United States",62.65,28.91,46.37,58.7,65.39,130.86,United States,North America,Boise
"Knoxville, TN, United States",62.18,29.77,46.55,60.36,64.67,128.69,United States,North America,Knoxville
"College Station, TX, United States",61.85,32.7,47.79,68.95,57.12,118.7,United States,North America,College Station
"San Antonio, TX, United States",60.92,34.5,48.18,58.17,60.96,154.92,United States,North America,San Antonio
"Athens, GA, United States",60.55,26.67,44.21,57.85,59.58,110.52,United States,North America,Athens
"Stockholm, Sweden",90.85,45.27,68.87,84.06,93.71,108.2,Sweden,Europe,Stockholm
"Gothenburg, Sweden",84.38,30.46,58.38,77.45,91.06,112.1,Sweden,Europe,Gothenburg
"Malmo, Sweden",79.79,28.57,55.09,73.61,87.62,120.92,Sweden,Europe,Malmo
"Uppsala, Sweden",79.7,28.42,54.97,70.45,87.61,119.75,Sweden,Europe,Uppsala
"Lund, Sweden",79.39,27.07,54.16,75.3,80.06,122.8,Sweden,Europe,Lund
"Paris, France",92.87,50.3,72.34,87.29,91.77,97.62,France,Europe,Paris
"Montpellier, France",90.63,24.95,58.95,86.93,75.13,74.25,France,Europe,Montpellier
"Grenoble, France",87.73,25.07,57.51,88.71,79.04,115.7,France,Europe,Grenoble
"Nice, France",86.69,31.64,60.14,78.82,98.75,107.04,France,Europe,Nice
"Lyon, France",84.47,28.04,57.26,77.74,79.13,101.17,France,Europe,Lyon
"Toulouse, France",82.85,24.97,54.94,77.86,82.38,113.77,France,Europe,Toulouse
"Lille, France",78.34,24.7,52.47,65.77,74.43,89.56,France,Europe,Lille
"Marseille, France",69.66,23.92,47.6,61.91,69.58,104.22,France,Europe,Marseille
"Linz, Austria",89.33,29.43,60.44,84.03,88.05,95.13,Austria,Europe,Linz
"Graz, Austria",80.59,24.94,53.75,78.18,65.21,106.41,Austria,Europe,Graz
"Vienna, Austria",78.64,35.04,57.61,73.8,73.39,98.88,Austria,Europe,Vienna
"London, United Kingdom",88.69,76.67,82.89,67.36,96.36,92.61,United Kingdom,Europe,London
"Milton Keynes, United Kingdom",86.28,37.34,62.68,85.31,81.71,90.17,United Kingdom,Europe,Milton Keynes
"Bath, United Kingdom",85.79,37.62,62.56,78.47,83.51,117.98,United Kingdom,Europe,Bath
"Reading, United Kingdom",85.56,40.91,64.03,71.32,95.36,130.18,United Kingdom,Europe,Reading
"Aberdeen, United Kingdom",83.18,32.13,58.56,67.23,99.29,115.94,United Kingdom,Europe,Aberdeen
"Cambridge, United Kingdom",82.96,47.33,65.78,67.22,95.67,105.39,United Kingdom,Europe,Cambridge
"Portsmouth, United Kingdom",80.05,32.23,56.99,62.19,89.21,94.57,United Kingdom,Europe,Portsmouth
"Oxford, United Kingdom",79.37,53.29,66.79,62.18,81.92,86.68,United Kingdom,Europe,Oxford
"Edinburgh, United Kingdom",79.2,34.6,57.69,69.3,89.29,104.25,United Kingdom,Europe,Edinburgh
"York, United Kingdom",77.98,29.69,54.69,68.51,85.11,110.55,United Kingdom,Europe,York
"Bristol, United Kingdom",77.83,40.01,59.59,63.13,92.62,108.18,United Kingdom,Europe,Bristol
"Manchester, United Kingdom",77.15,30.87,54.83,63.07,85.92,98.91,United Kingdom,Europe,Manchester
"Brighton, United Kingdom",76.4,44.89,61.21,58.61,86.71,83.51,United Kingdom,Europe,Brighton
"Nottingham, United Kingdom",75.98,24.8,51.3,65.92,75.29,107.61,United Kingdom,Europe,Nottingham
"Coventry, United Kingdom",75.72,26.45,51.96,64.04,71.27,133.86,United Kingdom,Europe,Coventry
"Norwich, United Kingdom",75.4,25.34,51.26,58.53,81.1,89.95,United Kingdom,Europe,Norwich
"Leeds, United Kingdom",74.92,30.31,53.41,61.69,91.99,109.59,United Kingdom,Europe,Leeds
"Sheffield, United Kingdom",74.31,25.05,50.55,56.87,84.47,110.96,United Kingdom,Europe,Sheffield
"Glasgow, United Kingdom",74.3,28.12,52.03,61.85,79.52,124.11,United Kingdom,Europe,Glasgow
"Exeter, United Kingdom",73.17,31.86,53.24,58.28,82.78,86.66,United Kingdom,Europe,Exeter
"Birmingham, United Kingdom",71.6,29.57,51.33,57.06,79.83,106.25,United Kingdom,Europe,Birmingham
"Cardiff, United Kingdom",71.52,28.32,50.69,65.68,72.66,109.78,United Kingdom,Europe,Cardiff
"Southampton, United Kingdom",71.48,33.09,52.97,58.97,76.0,116.26,United Kingdom,Europe,Southampton
"Newcastle Upon Tyne, United Kingdom",69.91,25.69,48.58,54.05,78.46,127.4,United Kingdom,Europe,Newcastle Upon Tyne
"Liverpool, United Kingdom",69.53,24.96,48.04,52.24,78.55,116.18,United Kingdom,Europe,Liverpool
"Belfast, United Kingdom",68.77,23.7,47.04,61.07,79.19,103.27,United Kingdom,Europe,Belfast
"Derby, United Kingdom",68.68,21.48,45.92,58.52,71.55,110.83,United Kingdom,Europe,Derby
"Florence, Italy",86.9,31.81,60.34,76.28,87.67,66.09,Italy,Europe,Florence
"Milan, Italy",85.1,43.65,65.11,75.56,92.27,71.94,Italy,Europe,Milan
"Genoa, Italy",85.04,21.49,54.39,74.03,83.87,71.66,Italy,Europe,Genoa
"Padova, Italy",81.77,23.89,53.85,67.49,78.91,77.42,Italy,Europe,Padova
"Parma, Italy",80.69,25.04,53.85,71.96,87.4,84.79,Italy,Europe,Parma
"Bologna, Italy",79.04,26.08,53.5,70.14,85.23,76.44,Italy,Europe,Bologna
"Rome, Italy",78.8,40.24,60.2,68.34,85.32,72.78,Italy,Europe,Rome
"Trieste, Italy",77.97,21.54,50.76,72.67,80.97,90.05,Italy,Europe,Trieste
"Bergamo, Italy",77.71,22.05,50.87,64.43,91.76,89.37,Italy,Europe,Bergamo
"Turin, Italy",74.94,23.25,50.01,61.62,76.26,85.62,Italy,Europe,Turin
"Naples, Italy",71.14,19.85,46.41,66.45,63.1,59.99,Italy,Europe,Naples
"Munich, Germany",84.78,46.46,66.3,72.97,82.46,118.19,Germany,Europe,Munich
"Dusseldorf, Germany",82.48,36.34,60.23,65.69,74.97,114.5,Germany,Europe,Dusseldorf
"Frankfurt, Germany",81.65,37.59,60.4,66.85,81.18,142.76,Germany,Europe,Frankfurt
"Hamburg, Germany",80.75,33.61,58.02,64.85,77.19,116.06,Germany,Europe,Hamburg
"Heidelberg, Germany",77.3,37.21,57.96,61.01,75.28,133.23,Germany,Europe,Heidelberg
"Mannheim, Germany",76.97,27.25,52.99,61.07,73.5,156.77,Germany,Europe,Mannheim
"Karlsruhe, Germany",75.8,23.89,50.76,57.26,80.6,136.82,Germany,Europe,Karlsruhe
"Stuttgart, Germany",74.53,34.86,55.4,55.57,72.07,134.02,Germany,Europe,Stuttgart
"Berlin, Germany",74.32,33.54,54.65,60.74,65.57,114.09,Germany,Europe,Berlin
"Cologne, Germany",74.02,29.75,52.67,55.97,73.95,131.06,Germany,Europe,Cologne
"Bonn, Germany",73.61,29.24,52.21,55.0,70.68,118.12,Germany,Europe,Bonn
"Bremen, Germany",73.41,22.22,48.72,59.15,70.25,131.14,Germany,Europe,Bremen
"Nuremberg, Germany",72.57,25.08,49.67,55.83,71.58,127.52,Germany,Europe,Nuremberg
"Leipzig, Germany",72.4,20.19,47.22,54.51,64.82,91.69,Germany,Europe,Leipzig
"Aachen, Germany",71.81,24.48,48.99,57.78,64.67,128.79,Germany,Europe,Aachen
"Dresden, Germany",71.22,22.95,47.94,56.07,59.77,105.93,Germany,Europe,Dresden
"Darmstadt, Germany",70.17,30.69,51.13,53.91,66.6,145.86,Germany,Europe,Darmstadt
"Hanover, Germany",69.47,22.04,46.59,58.88,64.04,160.86,Germany,Europe,Hanover
"Sliema, Malta",78.94,36.17,58.32,69.3,89.2,74.89,Malta,Europe,Sliema
"Malta, Malta",68.44,26.6,48.26,54.11,69.0,72.13,Malta,Europe,Malta
"St. John's, NL, Canada",82.18,22.48,53.39,86.39,79.73,98.06,Canada,North America,St. John's
"Halifax, Canada",82.03,29.33,56.61,88.57,75.91,95.7,Canada,North America,Halifax
"Thunder Bay, Canada",81.98,26.2,55.08,77.76,74.63,84.87,Canada,North America,Thunder Bay
"Saskatoon, Canada",81.02,29.7,56.27,82.39,72.78,99.63,Canada,North America,Saskatoon
"Barrie, Canada",79.18,28.03,54.51,79.85,76.95,127.57,Canada,North America,Barrie
"Brampton, Canada",77.9,29.01,54.32,83.61,64.25,103.74,Canada,North America,Brampton
"Calgary, Canada",76.44,31.37,54.7,72.97,75.23,146.39,Canada,North America,Calgary
"Red Deer, Canada",76.15,25.51,51.73,69.85,74.21,136.55,Canada,North America,Red Deer
"Edmonton, Canada",76.01,31.61,54.6,74.26,73.66,131.93,Canada,North America,Edmonton
"Vancouver, Canada",75.59,53.5,64.94,78.26,70.12,96.77,Canada,North America,Vancouver
"Victoria, Canada",75.47,40.0,58.36,79.13,70.56,112.52,Canada,North America,Victoria
"Toronto, Canada",75.22,46.94,61.58,70.65,71.58,106.83,Canada,North America,Toronto
"Kelowna, Canada",74.78,34.84,55.52,77.54,68.9,109.75,Canada,North America,Kelowna
"Burlington, Canada",74.32,34.2,54.97,68.68,82.63,137.47,Canada,North America,Burlington
"Guelph, Canada",72.93,28.86,51.68,68.86,80.08,114.41,Canada,North America,Guelph
"Waterloo, Canada",72.86,29.64,52.01,70.36,70.2,120.38,Canada,North America,Waterloo
"Regina, Canada",72.85,28.93,51.67,73.25,66.3,109.12,Canada,North America,Regina
"Mississauga, Canada",72.54,36.65,55.23,68.46,67.15,106.67,Canada,North America,Mississauga
"Windsor, Canada",72.0,21.38,47.59,63.4,67.16,118.85,Canada,North America,Windsor
"Nanaimo, BC, Canada",71.9,25.11,49.33,78.03,63.87,99.07,Canada,North America,Nanaimo
"Moncton, Canada",71.79,18.63,46.15,70.92,66.98,88.06,Canada,North America,Moncton
"Winnipeg, Canada",71.22,24.91,48.89,69.49,67.33,114.61,Canada,North America,Winnipeg
"Quebec City, Canada",71.21,17.97,45.53,71.69,65.29,118.31,Canada,North America,Quebec City
"Ottawa, Canada",69.91,31.76,51.51,64.16,71.95,145.32,Canada,North America,Ottawa
"London, Canada",69.39,24.58,47.78,65.97,66.17,105.79,Canada,North America,London
"Montreal, Canada",69.18,26.68,48.69,68.65,67.17,120.29,Canada,North America,Montreal
"Gatineau, Canada",69.17,19.72,45.32,69.98,64.66,142.51,Canada,North America,Gatineau
"Surrey, Canada",67.37,33.36,50.97,65.23,61.6,93.78,Canada,North America,Surrey
"Hamilton, Canada",65.26,27.6,47.1,60.77,65.83,122.71,Canada,North America,Hamilton
"Kitchener, Canada",63.9,27.36,46.28,58.85,59.89,124.25,Canada,North America,Kitchener
"Beirut, Lebanon",65.03,34.98,50.54,47.46,66.58,52.68,Lebanon,Asia,Beirut
